engine	mode	workload	lanes	jobs	sample	elapsed_ns	checksum
zig-js	single	arithmetic	1	160	0	61775667	149613360
zig-js	single	arithmetic	1	160	1	58561667	149613360
zig-js	single	arithmetic	1	160	2	56360458	149613360
zig-js	single	arithmetic	1	160	3	56631125	149613360
zig-js	single	arithmetic	1	160	4	55860125	149613360
zig-js	single	arithmetic	1	160	5	56076125	149613360
zig-js	single	arithmetic	1	160	6	56120708	149613360
JavaScriptCore	single	arithmetic	1	160	0	383513042	149613360
JavaScriptCore	single	arithmetic	1	160	1	249807000	149613360
JavaScriptCore	single	arithmetic	1	160	2	239709709	149613360
JavaScriptCore	single	arithmetic	1	160	3	242418208	149613360
JavaScriptCore	single	arithmetic	1	160	4	251575958	149613360
JavaScriptCore	single	arithmetic	1	160	5	242893292	149613360
JavaScriptCore	single	arithmetic	1	160	6	241527208	149613360
JavaScriptCore	independent_steady	arithmetic	1	160	0	243363125	149613360
JavaScriptCore	independent_steady	arithmetic	1	160	1	245024541	149613360
JavaScriptCore	independent_steady	arithmetic	1	160	2	241848042	149613360
JavaScriptCore	independent_steady	arithmetic	1	160	3	241214125	149613360
JavaScriptCore	independent_steady	arithmetic	1	160	4	240488083	149613360
JavaScriptCore	independent_steady	arithmetic	1	160	5	239659375	149613360
JavaScriptCore	independent_steady	arithmetic	1	160	6	238230667	149613360
zig-js	independent_steady	arithmetic	1	160	0	57723541	149613360
zig-js	independent_steady	arithmetic	1	160	1	58899583	149613360
zig-js	independent_steady	arithmetic	1	160	2	57101833	149613360
zig-js	independent_steady	arithmetic	1	160	3	57217666	149613360
zig-js	independent_steady	arithmetic	1	160	4	57151583	149613360
zig-js	independent_steady	arithmetic	1	160	5	57018667	149613360
zig-js	independent_steady	arithmetic	1	160	6	57016792	149613360
zig-js	independent_cold	arithmetic	1	160	0	59278500	149613360
zig-js	independent_cold	arithmetic	1	160	1	60371708	149613360
zig-js	independent_cold	arithmetic	1	160	2	59113417	149613360
zig-js	independent_cold	arithmetic	1	160	3	58815875	149613360
zig-js	independent_cold	arithmetic	1	160	4	58418292	149613360
zig-js	independent_cold	arithmetic	1	160	5	58491167	149613360
zig-js	independent_cold	arithmetic	1	160	6	58721083	149613360
JavaScriptCore	independent_cold	arithmetic	1	160	0	247267209	149613360
JavaScriptCore	independent_cold	arithmetic	1	160	1	248725833	149613360
JavaScriptCore	independent_cold	arithmetic	1	160	2	246915792	149613360
JavaScriptCore	independent_cold	arithmetic	1	160	3	241176500	149613360
JavaScriptCore	independent_cold	arithmetic	1	160	4	253695333	149613360
JavaScriptCore	independent_cold	arithmetic	1	160	5	247632459	149613360
JavaScriptCore	independent_cold	arithmetic	1	160	6	247606167	149613360
zig-js	shared	arithmetic	1	160	0	70255542	149613360
zig-js	shared	arithmetic	1	160	1	62816167	149613360
zig-js	shared	arithmetic	1	160	2	60068292	149613360
zig-js	shared	arithmetic	1	160	3	59262000	149613360
zig-js	shared	arithmetic	1	160	4	57946292	149613360
zig-js	shared	arithmetic	1	160	5	58011208	149613360
zig-js	shared	arithmetic	1	160	6	57915292	149613360
JavaScriptCore	independent_steady	arithmetic	2	160	0	245860041	155226400
JavaScriptCore	independent_steady	arithmetic	2	160	1	243349292	155226400
JavaScriptCore	independent_steady	arithmetic	2	160	2	243082292	155226400
JavaScriptCore	independent_steady	arithmetic	2	160	3	242956084	155226400
JavaScriptCore	independent_steady	arithmetic	2	160	4	244316833	155226400
JavaScriptCore	independent_steady	arithmetic	2	160	5	251689667	155226400
JavaScriptCore	independent_steady	arithmetic	2	160	6	248563791	155226400
zig-js	independent_steady	arithmetic	2	160	0	58762833	155226400
zig-js	independent_steady	arithmetic	2	160	1	59498209	155226400
zig-js	independent_steady	arithmetic	2	160	2	58558459	155226400
zig-js	independent_steady	arithmetic	2	160	3	58760458	155226400
zig-js	independent_steady	arithmetic	2	160	4	59528083	155226400
zig-js	independent_steady	arithmetic	2	160	5	59191583	155226400
zig-js	independent_steady	arithmetic	2	160	6	60342375	155226400
zig-js	independent_cold	arithmetic	2	160	0	63019583	155226400
zig-js	independent_cold	arithmetic	2	160	1	62776125	155226400
zig-js	independent_cold	arithmetic	2	160	2	61809667	155226400
zig-js	independent_cold	arithmetic	2	160	3	60007416	155226400
zig-js	independent_cold	arithmetic	2	160	4	59562458	155226400
zig-js	independent_cold	arithmetic	2	160	5	59723417	155226400
zig-js	independent_cold	arithmetic	2	160	6	59498250	155226400
JavaScriptCore	independent_cold	arithmetic	2	160	0	247980083	155226400
JavaScriptCore	independent_cold	arithmetic	2	160	1	250120625	155226400
JavaScriptCore	independent_cold	arithmetic	2	160	2	245667583	155226400
JavaScriptCore	independent_cold	arithmetic	2	160	3	246758583	155226400
JavaScriptCore	independent_cold	arithmetic	2	160	4	245703708	155226400
JavaScriptCore	independent_cold	arithmetic	2	160	5	241661042	155226400
JavaScriptCore	independent_cold	arithmetic	2	160	6	248270084	155226400
zig-js	shared	arithmetic	2	160	0	59361083	155226400
zig-js	shared	arithmetic	2	160	1	60113959	155226400
zig-js	shared	arithmetic	2	160	2	58113792	155226400
zig-js	shared	arithmetic	2	160	3	57939375	155226400
zig-js	shared	arithmetic	2	160	4	58178000	155226400
zig-js	shared	arithmetic	2	160	5	59552958	155226400
zig-js	shared	arithmetic	2	160	6	58495500	155226400
JavaScriptCore	independent_steady	arithmetic	4	160	0	303630500	214452960
JavaScriptCore	independent_steady	arithmetic	4	160	1	285075750	214452960
JavaScriptCore	independent_steady	arithmetic	4	160	2	305459000	214452960
JavaScriptCore	independent_steady	arithmetic	4	160	3	311418917	214452960
JavaScriptCore	independent_steady	arithmetic	4	160	4	302583542	214452960
JavaScriptCore	independent_steady	arithmetic	4	160	5	302007250	214452960
JavaScriptCore	independent_steady	arithmetic	4	160	6	282062792	214452960
zig-js	independent_steady	arithmetic	4	160	0	65871958	214452960
zig-js	independent_steady	arithmetic	4	160	1	64981666	214452960
zig-js	independent_steady	arithmetic	4	160	2	61651459	214452960
zig-js	independent_steady	arithmetic	4	160	3	62867208	214452960
zig-js	independent_steady	arithmetic	4	160	4	61839584	214452960
zig-js	independent_steady	arithmetic	4	160	5	99542417	214452960
zig-js	independent_steady	arithmetic	4	160	6	90050000	214452960
zig-js	independent_cold	arithmetic	4	160	0	70713959	214452960
zig-js	independent_cold	arithmetic	4	160	1	69524292	214452960
zig-js	independent_cold	arithmetic	4	160	2	64552500	214452960
zig-js	independent_cold	arithmetic	4	160	3	69683500	214452960
zig-js	independent_cold	arithmetic	4	160	4	85873125	214452960
zig-js	independent_cold	arithmetic	4	160	5	68712417	214452960
zig-js	independent_cold	arithmetic	4	160	6	64454125	214452960
JavaScriptCore	independent_cold	arithmetic	4	160	0	304752834	214452960
JavaScriptCore	independent_cold	arithmetic	4	160	1	289630583	214452960
JavaScriptCore	independent_cold	arithmetic	4	160	2	286111500	214452960
JavaScriptCore	independent_cold	arithmetic	4	160	3	290837917	214452960
JavaScriptCore	independent_cold	arithmetic	4	160	4	302096500	214452960
JavaScriptCore	independent_cold	arithmetic	4	160	5	289864291	214452960
JavaScriptCore	independent_cold	arithmetic	4	160	6	281492167	214452960
zig-js	shared	arithmetic	4	160	0	79718416	214452960
zig-js	shared	arithmetic	4	160	1	73431375	214452960
zig-js	shared	arithmetic	4	160	2	67015000	214452960
zig-js	shared	arithmetic	4	160	3	64046458	214452960
zig-js	shared	arithmetic	4	160	4	61109791	214452960
zig-js	shared	arithmetic	4	160	5	61639041	214452960
zig-js	shared	arithmetic	4	160	6	61698791	214452960
JavaScriptCore	independent_steady	arithmetic	8	160	0	374991209	524908000
JavaScriptCore	independent_steady	arithmetic	8	160	1	380200333	524908000
JavaScriptCore	independent_steady	arithmetic	8	160	2	375236917	524908000
JavaScriptCore	independent_steady	arithmetic	8	160	3	377714917	524908000
JavaScriptCore	independent_steady	arithmetic	8	160	4	375001042	524908000
JavaScriptCore	independent_steady	arithmetic	8	160	5	382562333	524908000
JavaScriptCore	independent_steady	arithmetic	8	160	6	380409250	524908000
zig-js	independent_steady	arithmetic	8	160	0	81555208	524908000
zig-js	independent_steady	arithmetic	8	160	1	75017458	524908000
zig-js	independent_steady	arithmetic	8	160	2	76162000	524908000
zig-js	independent_steady	arithmetic	8	160	3	73697583	524908000
zig-js	independent_steady	arithmetic	8	160	4	74884458	524908000
zig-js	independent_steady	arithmetic	8	160	5	72749209	524908000
zig-js	independent_steady	arithmetic	8	160	6	75700000	524908000
zig-js	independent_cold	arithmetic	8	160	0	81957583	524908000
zig-js	independent_cold	arithmetic	8	160	1	82084541	524908000
zig-js	independent_cold	arithmetic	8	160	2	77132459	524908000
zig-js	independent_cold	arithmetic	8	160	3	80749875	524908000
zig-js	independent_cold	arithmetic	8	160	4	81402500	524908000
zig-js	independent_cold	arithmetic	8	160	5	80579125	524908000
zig-js	independent_cold	arithmetic	8	160	6	85456875	524908000
JavaScriptCore	independent_cold	arithmetic	8	160	0	410808333	524908000
JavaScriptCore	independent_cold	arithmetic	8	160	1	378224542	524908000
JavaScriptCore	independent_cold	arithmetic	8	160	2	377702208	524908000
JavaScriptCore	independent_cold	arithmetic	8	160	3	406000542	524908000
JavaScriptCore	independent_cold	arithmetic	8	160	4	389478459	524908000
JavaScriptCore	independent_cold	arithmetic	8	160	5	597803250	524908000
JavaScriptCore	independent_cold	arithmetic	8	160	6	511584917	524908000
zig-js	shared	arithmetic	8	160	0	135236875	524908000
zig-js	shared	arithmetic	8	160	1	77645292	524908000
zig-js	shared	arithmetic	8	160	2	75010458	524908000
zig-js	shared	arithmetic	8	160	3	74265750	524908000
zig-js	shared	arithmetic	8	160	4	76132292	524908000
zig-js	shared	arithmetic	8	160	5	77478458	524908000
zig-js	shared	arithmetic	8	160	6	75202458	524908000
JavaScriptCore	single	properties	1	200	0	209313916	301998500
JavaScriptCore	single	properties	1	200	1	205345875	301998500
JavaScriptCore	single	properties	1	200	2	208321625	301998500
JavaScriptCore	single	properties	1	200	3	208152875	301998500
JavaScriptCore	single	properties	1	200	4	206959833	301998500
JavaScriptCore	single	properties	1	200	5	213763084	301998500
JavaScriptCore	single	properties	1	200	6	207035625	301998500
zig-js	single	properties	1	200	0	60885500	301998500
zig-js	single	properties	1	200	1	62284542	301998500
zig-js	single	properties	1	200	2	59783291	301998500
zig-js	single	properties	1	200	3	59820791	301998500
zig-js	single	properties	1	200	4	59608875	301998500
zig-js	single	properties	1	200	5	60203583	301998500
zig-js	single	properties	1	200	6	59503625	301998500
zig-js	independent_steady	properties	1	200	0	60148167	301998500
zig-js	independent_steady	properties	1	200	1	60712333	301998500
zig-js	independent_steady	properties	1	200	2	59273208	301998500
zig-js	independent_steady	properties	1	200	3	58759667	301998500
zig-js	independent_steady	properties	1	200	4	58731167	301998500
zig-js	independent_steady	properties	1	200	5	58758250	301998500
zig-js	independent_steady	properties	1	200	6	59307917	301998500
JavaScriptCore	independent_steady	properties	1	200	0	204221875	301998500
JavaScriptCore	independent_steady	properties	1	200	1	201777500	301998500
JavaScriptCore	independent_steady	properties	1	200	2	231500333	301998500
JavaScriptCore	independent_steady	properties	1	200	3	204146333	301998500
JavaScriptCore	independent_steady	properties	1	200	4	201495291	301998500
JavaScriptCore	independent_steady	properties	1	200	5	202149708	301998500
JavaScriptCore	independent_steady	properties	1	200	6	202977708	301998500
JavaScriptCore	independent_cold	properties	1	200	0	207680417	301998500
JavaScriptCore	independent_cold	properties	1	200	1	203739958	301998500
JavaScriptCore	independent_cold	properties	1	200	2	212884750	301998500
JavaScriptCore	independent_cold	properties	1	200	3	210942083	301998500
JavaScriptCore	independent_cold	properties	1	200	4	210069958	301998500
JavaScriptCore	independent_cold	properties	1	200	5	214543834	301998500
JavaScriptCore	independent_cold	properties	1	200	6	215364875	301998500
zig-js	independent_cold	properties	1	200	0	87207209	301998500
zig-js	independent_cold	properties	1	200	1	73887750	301998500
zig-js	independent_cold	properties	1	200	2	62436333	301998500
zig-js	independent_cold	properties	1	200	3	61454709	301998500
zig-js	independent_cold	properties	1	200	4	61306500	301998500
zig-js	independent_cold	properties	1	200	5	65084917	301998500
zig-js	independent_cold	properties	1	200	6	64869041	301998500
zig-js	shared	properties	1	200	0	81411958	301998500
zig-js	shared	properties	1	200	1	82908459	301998500
zig-js	shared	properties	1	200	2	92257291	301998500
zig-js	shared	properties	1	200	3	83543084	301998500
zig-js	shared	properties	1	200	4	102269875	301998500
zig-js	shared	properties	1	200	5	103001667	301998500
zig-js	shared	properties	1	200	6	81286000	301998500
zig-js	independent_steady	properties	2	200	0	67112750	603997600
zig-js	independent_steady	properties	2	200	1	63192916	603997600
zig-js	independent_steady	properties	2	200	2	59378583	603997600
zig-js	independent_steady	properties	2	200	3	65684209	603997600
zig-js	independent_steady	properties	2	200	4	60069667	603997600
zig-js	independent_steady	properties	2	200	5	59809416	603997600
zig-js	independent_steady	properties	2	200	6	59321250	603997600
JavaScriptCore	independent_steady	properties	2	200	0	207906292	603997600
JavaScriptCore	independent_steady	properties	2	200	1	204160083	603997600
JavaScriptCore	independent_steady	properties	2	200	2	214383834	603997600
JavaScriptCore	independent_steady	properties	2	200	3	221027750	603997600
JavaScriptCore	independent_steady	properties	2	200	4	227446666	603997600
JavaScriptCore	independent_steady	properties	2	200	5	219166291	603997600
JavaScriptCore	independent_steady	properties	2	200	6	215728041	603997600
JavaScriptCore	independent_cold	properties	2	200	0	215511292	603997600
JavaScriptCore	independent_cold	properties	2	200	1	204948667	603997600
JavaScriptCore	independent_cold	properties	2	200	2	206236875	603997600
JavaScriptCore	independent_cold	properties	2	200	3	218037666	603997600
JavaScriptCore	independent_cold	properties	2	200	4	205100875	603997600
JavaScriptCore	independent_cold	properties	2	200	5	204927500	603997600
JavaScriptCore	independent_cold	properties	2	200	6	206187875	603997600
zig-js	independent_cold	properties	2	200	0	64792125	603997600
zig-js	independent_cold	properties	2	200	1	63712584	603997600
zig-js	independent_cold	properties	2	200	2	61713375	603997600
zig-js	independent_cold	properties	2	200	3	64244583	603997600
zig-js	independent_cold	properties	2	200	4	60837416	603997600
zig-js	independent_cold	properties	2	200	5	63874750	603997600
zig-js	independent_cold	properties	2	200	6	62519833	603997600
zig-js	shared	properties	2	200	0	114333000	603997600
zig-js	shared	properties	2	200	1	87477833	603997600
zig-js	shared	properties	2	200	2	80100792	603997600
zig-js	shared	properties	2	200	3	80086625	603997600
zig-js	shared	properties	2	200	4	80497292	603997600
zig-js	shared	properties	2	200	5	82064667	603997600
zig-js	shared	properties	2	200	6	85369209	603997600
zig-js	independent_steady	properties	4	200	0	81364292	1207997600
zig-js	independent_steady	properties	4	200	1	79199042	1207997600
zig-js	independent_steady	properties	4	200	2	72532875	1207997600
zig-js	independent_steady	properties	4	200	3	72612375	1207997600
zig-js	independent_steady	properties	4	200	4	76525541	1207997600
zig-js	independent_steady	properties	4	200	5	76717125	1207997600
zig-js	independent_steady	properties	4	200	6	66508041	1207997600
JavaScriptCore	independent_steady	properties	4	200	0	231642667	1207997600
JavaScriptCore	independent_steady	properties	4	200	1	230158042	1207997600
JavaScriptCore	independent_steady	properties	4	200	2	224421875	1207997600
JavaScriptCore	independent_steady	properties	4	200	3	230962458	1207997600
JavaScriptCore	independent_steady	properties	4	200	4	222858291	1207997600
JavaScriptCore	independent_steady	properties	4	200	5	228202666	1207997600
JavaScriptCore	independent_steady	properties	4	200	6	227972250	1207997600
JavaScriptCore	independent_cold	properties	4	200	0	241319125	1207997600
JavaScriptCore	independent_cold	properties	4	200	1	227585833	1207997600
JavaScriptCore	independent_cold	properties	4	200	2	230683250	1207997600
JavaScriptCore	independent_cold	properties	4	200	3	229158834	1207997600
JavaScriptCore	independent_cold	properties	4	200	4	231186708	1207997600
JavaScriptCore	independent_cold	properties	4	200	5	228834459	1207997600
JavaScriptCore	independent_cold	properties	4	200	6	282159708	1207997600
zig-js	independent_cold	properties	4	200	0	76506500	1207997600
zig-js	independent_cold	properties	4	200	1	81807292	1207997600
zig-js	independent_cold	properties	4	200	2	75576333	1207997600
zig-js	independent_cold	properties	4	200	3	69326833	1207997600
zig-js	independent_cold	properties	4	200	4	73526917	1207997600
zig-js	independent_cold	properties	4	200	5	68708417	1207997600
zig-js	independent_cold	properties	4	200	6	71936459	1207997600
zig-js	shared	properties	4	200	0	124070125	1207997600
zig-js	shared	properties	4	200	1	96181625	1207997600
zig-js	shared	properties	4	200	2	92052125	1207997600
zig-js	shared	properties	4	200	3	90359333	1207997600
zig-js	shared	properties	4	200	4	92129208	1207997600
zig-js	shared	properties	4	200	5	95769459	1207997600
zig-js	shared	properties	4	200	6	104393209	1207997600
zig-js	independent_steady	properties	8	200	0	97403500	2416004800
zig-js	independent_steady	properties	8	200	1	88694834	2416004800
zig-js	independent_steady	properties	8	200	2	87659542	2416004800
zig-js	independent_steady	properties	8	200	3	88437750	2416004800
zig-js	independent_steady	properties	8	200	4	88301084	2416004800
zig-js	independent_steady	properties	8	200	5	88670334	2416004800
zig-js	independent_steady	properties	8	200	6	90910542	2416004800
JavaScriptCore	independent_steady	properties	8	200	0	345860583	2416004800
JavaScriptCore	independent_steady	properties	8	200	1	322501333	2416004800
JavaScriptCore	independent_steady	properties	8	200	2	326926875	2416004800
JavaScriptCore	independent_steady	properties	8	200	3	344136709	2416004800
JavaScriptCore	independent_steady	properties	8	200	4	321600333	2416004800
JavaScriptCore	independent_steady	properties	8	200	5	326873167	2416004800
JavaScriptCore	independent_steady	properties	8	200	6	345707000	2416004800
JavaScriptCore	independent_cold	properties	8	200	0	355512792	2416004800
JavaScriptCore	independent_cold	properties	8	200	1	349704458	2416004800
JavaScriptCore	independent_cold	properties	8	200	2	338576792	2416004800
JavaScriptCore	independent_cold	properties	8	200	3	387072875	2416004800
JavaScriptCore	independent_cold	properties	8	200	4	340202083	2416004800
JavaScriptCore	independent_cold	properties	8	200	5	344732375	2416004800
JavaScriptCore	independent_cold	properties	8	200	6	326927834	2416004800
zig-js	independent_cold	properties	8	200	0	132086375	2416004800
zig-js	independent_cold	properties	8	200	1	161799000	2416004800
zig-js	independent_cold	properties	8	200	2	86093875	2416004800
zig-js	independent_cold	properties	8	200	3	91435083	2416004800
zig-js	independent_cold	properties	8	200	4	85864042	2416004800
zig-js	independent_cold	properties	8	200	5	103036500	2416004800
zig-js	independent_cold	properties	8	200	6	85864000	2416004800
zig-js	shared	properties	8	200	0	117816166	2416004800
zig-js	shared	properties	8	200	1	113871209	2416004800
zig-js	shared	properties	8	200	2	111883583	2416004800
zig-js	shared	properties	8	200	3	114842459	2416004800
zig-js	shared	properties	8	200	4	110573750	2416004800
zig-js	shared	properties	8	200	5	111342708	2416004800
zig-js	shared	properties	8	200	6	107834208	2416004800
zig-js	single	arrays	1	450	0	66625583	23508000000
zig-js	single	arrays	1	450	1	67912708	23508000000
zig-js	single	arrays	1	450	2	64516834	23508000000
zig-js	single	arrays	1	450	3	64836834	23508000000
zig-js	single	arrays	1	450	4	64390209	23508000000
zig-js	single	arrays	1	450	5	64136958	23508000000
zig-js	single	arrays	1	450	6	63705542	23508000000
JavaScriptCore	single	arrays	1	450	0	131754292	23508000000
JavaScriptCore	single	arrays	1	450	1	130498000	23508000000
JavaScriptCore	single	arrays	1	450	2	131340334	23508000000
JavaScriptCore	single	arrays	1	450	3	130158166	23508000000
JavaScriptCore	single	arrays	1	450	4	132166542	23508000000
JavaScriptCore	single	arrays	1	450	5	129982625	23508000000
JavaScriptCore	single	arrays	1	450	6	130636042	23508000000
JavaScriptCore	independent_steady	arrays	1	450	0	131797541	23508000000
JavaScriptCore	independent_steady	arrays	1	450	1	130419625	23508000000
JavaScriptCore	independent_steady	arrays	1	450	2	131992167	23508000000
JavaScriptCore	independent_steady	arrays	1	450	3	130844083	23508000000
JavaScriptCore	independent_steady	arrays	1	450	4	131643875	23508000000
JavaScriptCore	independent_steady	arrays	1	450	5	130998416	23508000000
JavaScriptCore	independent_steady	arrays	1	450	6	132209625	23508000000
zig-js	independent_steady	arrays	1	450	0	66132625	23508000000
zig-js	independent_steady	arrays	1	450	1	67432250	23508000000
zig-js	independent_steady	arrays	1	450	2	65035875	23508000000
zig-js	independent_steady	arrays	1	450	3	64619375	23508000000
zig-js	independent_steady	arrays	1	450	4	64549791	23508000000
zig-js	independent_steady	arrays	1	450	5	63210000	23508000000
zig-js	independent_steady	arrays	1	450	6	64055333	23508000000
zig-js	independent_cold	arrays	1	450	0	67361375	23508000000
zig-js	independent_cold	arrays	1	450	1	67321375	23508000000
zig-js	independent_cold	arrays	1	450	2	64291000	23508000000
zig-js	independent_cold	arrays	1	450	3	64505625	23508000000
zig-js	independent_cold	arrays	1	450	4	64439208	23508000000
zig-js	independent_cold	arrays	1	450	5	64742834	23508000000
zig-js	independent_cold	arrays	1	450	6	64969958	23508000000
JavaScriptCore	independent_cold	arrays	1	450	0	134461542	23508000000
JavaScriptCore	independent_cold	arrays	1	450	1	132104208	23508000000
JavaScriptCore	independent_cold	arrays	1	450	2	135344375	23508000000
JavaScriptCore	independent_cold	arrays	1	450	3	132591375	23508000000
JavaScriptCore	independent_cold	arrays	1	450	4	132431750	23508000000
JavaScriptCore	independent_cold	arrays	1	450	5	131472791	23508000000
JavaScriptCore	independent_cold	arrays	1	450	6	132932500	23508000000
zig-js	shared	arrays	1	450	0	81613875	23508000000
zig-js	shared	arrays	1	450	1	74997583	23508000000
zig-js	shared	arrays	1	450	2	70600125	23508000000
zig-js	shared	arrays	1	450	3	66659292	23508000000
zig-js	shared	arrays	1	450	4	67644500	23508000000
zig-js	shared	arrays	1	450	5	65910208	23508000000
zig-js	shared	arrays	1	450	6	66334750	23508000000
JavaScriptCore	independent_steady	arrays	2	450	0	150740958	47020500000
JavaScriptCore	independent_steady	arrays	2	450	1	132221208	47020500000
JavaScriptCore	independent_steady	arrays	2	450	2	132510542	47020500000
JavaScriptCore	independent_steady	arrays	2	450	3	132216375	47020500000
JavaScriptCore	independent_steady	arrays	2	450	4	140273125	47020500000
JavaScriptCore	independent_steady	arrays	2	450	5	133141458	47020500000
JavaScriptCore	independent_steady	arrays	2	450	6	132218958	47020500000
zig-js	independent_steady	arrays	2	450	0	93603167	47020500000
zig-js	independent_steady	arrays	2	450	1	84423708	47020500000
zig-js	independent_steady	arrays	2	450	2	67554000	47020500000
zig-js	independent_steady	arrays	2	450	3	66536250	47020500000
zig-js	independent_steady	arrays	2	450	4	67074250	47020500000
zig-js	independent_steady	arrays	2	450	5	65932958	47020500000
zig-js	independent_steady	arrays	2	450	6	68491042	47020500000
zig-js	independent_cold	arrays	2	450	0	69289958	47020500000
zig-js	independent_cold	arrays	2	450	1	69552875	47020500000
zig-js	independent_cold	arrays	2	450	2	67963791	47020500000
zig-js	independent_cold	arrays	2	450	3	75215334	47020500000
zig-js	independent_cold	arrays	2	450	4	70183125	47020500000
zig-js	independent_cold	arrays	2	450	5	69301542	47020500000
zig-js	independent_cold	arrays	2	450	6	68229833	47020500000
JavaScriptCore	independent_cold	arrays	2	450	0	146720125	47020500000
JavaScriptCore	independent_cold	arrays	2	450	1	147012708	47020500000
JavaScriptCore	independent_cold	arrays	2	450	2	143446291	47020500000
JavaScriptCore	independent_cold	arrays	2	450	3	140199083	47020500000
JavaScriptCore	independent_cold	arrays	2	450	4	153565375	47020500000
JavaScriptCore	independent_cold	arrays	2	450	5	135062417	47020500000
JavaScriptCore	independent_cold	arrays	2	450	6	131105000	47020500000
zig-js	shared	arrays	2	450	0	71748708	47020500000
zig-js	shared	arrays	2	450	1	71684791	47020500000
zig-js	shared	arrays	2	450	2	70857125	47020500000
zig-js	shared	arrays	2	450	3	68060500	47020500000
zig-js	shared	arrays	2	450	4	67771167	47020500000
zig-js	shared	arrays	2	450	5	68888334	47020500000
zig-js	shared	arrays	2	450	6	70724791	47020500000
JavaScriptCore	independent_steady	arrays	4	450	0	162008083	94059000000
JavaScriptCore	independent_steady	arrays	4	450	1	144172833	94059000000
JavaScriptCore	independent_steady	arrays	4	450	2	140960833	94059000000
JavaScriptCore	independent_steady	arrays	4	450	3	138567416	94059000000
JavaScriptCore	independent_steady	arrays	4	450	4	188643709	94059000000
JavaScriptCore	independent_steady	arrays	4	450	5	167030041	94059000000
JavaScriptCore	independent_steady	arrays	4	450	6	148394250	94059000000
zig-js	independent_steady	arrays	4	450	0	96497500	94059000000
zig-js	independent_steady	arrays	4	450	1	74492625	94059000000
zig-js	independent_steady	arrays	4	450	2	70660417	94059000000
zig-js	independent_steady	arrays	4	450	3	69817958	94059000000
zig-js	independent_steady	arrays	4	450	4	75024000	94059000000
zig-js	independent_steady	arrays	4	450	5	68965333	94059000000
zig-js	independent_steady	arrays	4	450	6	72583750	94059000000
zig-js	independent_cold	arrays	4	450	0	80910750	94059000000
zig-js	independent_cold	arrays	4	450	1	78860584	94059000000
zig-js	independent_cold	arrays	4	450	2	70346708	94059000000
zig-js	independent_cold	arrays	4	450	3	70758084	94059000000
zig-js	independent_cold	arrays	4	450	4	71021292	94059000000
zig-js	independent_cold	arrays	4	450	5	70915459	94059000000
zig-js	independent_cold	arrays	4	450	6	73271417	94059000000
JavaScriptCore	independent_cold	arrays	4	450	0	170444792	94059000000
JavaScriptCore	independent_cold	arrays	4	450	1	141432625	94059000000
JavaScriptCore	independent_cold	arrays	4	450	2	143163625	94059000000
JavaScriptCore	independent_cold	arrays	4	450	3	191142916	94059000000
JavaScriptCore	independent_cold	arrays	4	450	4	161584709	94059000000
JavaScriptCore	independent_cold	arrays	4	450	5	143918916	94059000000
JavaScriptCore	independent_cold	arrays	4	450	6	159937459	94059000000
zig-js	shared	arrays	4	450	0	101280250	94059000000
zig-js	shared	arrays	4	450	1	84252417	94059000000
zig-js	shared	arrays	4	450	2	81125084	94059000000
zig-js	shared	arrays	4	450	3	90049166	94059000000
zig-js	shared	arrays	4	450	4	85638792	94059000000
zig-js	shared	arrays	4	450	5	81630541	94059000000
zig-js	shared	arrays	4	450	6	82413583	94059000000
JavaScriptCore	independent_steady	arrays	8	450	0	212468250	188190000000
JavaScriptCore	independent_steady	arrays	8	450	1	223698167	188190000000
JavaScriptCore	independent_steady	arrays	8	450	2	207657667	188190000000
JavaScriptCore	independent_steady	arrays	8	450	3	218555167	188190000000
JavaScriptCore	independent_steady	arrays	8	450	4	226343708	188190000000
JavaScriptCore	independent_steady	arrays	8	450	5	243081542	188190000000
JavaScriptCore	independent_steady	arrays	8	450	6	213072875	188190000000
zig-js	independent_steady	arrays	8	450	0	112062000	188190000000
zig-js	independent_steady	arrays	8	450	1	114741167	188190000000
zig-js	independent_steady	arrays	8	450	2	112325959	188190000000
zig-js	independent_steady	arrays	8	450	3	97218292	188190000000
zig-js	independent_steady	arrays	8	450	4	102011208	188190000000
zig-js	independent_steady	arrays	8	450	5	95845334	188190000000
zig-js	independent_steady	arrays	8	450	6	95161750	188190000000
zig-js	independent_cold	arrays	8	450	0	150781917	188190000000
zig-js	independent_cold	arrays	8	450	1	131273166	188190000000
zig-js	independent_cold	arrays	8	450	2	115551666	188190000000
zig-js	independent_cold	arrays	8	450	3	103690542	188190000000
zig-js	independent_cold	arrays	8	450	4	105461792	188190000000
zig-js	independent_cold	arrays	8	450	5	100734416	188190000000
zig-js	independent_cold	arrays	8	450	6	103158042	188190000000
JavaScriptCore	independent_cold	arrays	8	450	0	219431583	188190000000
JavaScriptCore	independent_cold	arrays	8	450	1	223957000	188190000000
JavaScriptCore	independent_cold	arrays	8	450	2	213056625	188190000000
JavaScriptCore	independent_cold	arrays	8	450	3	275766834	188190000000
JavaScriptCore	independent_cold	arrays	8	450	4	217126917	188190000000
JavaScriptCore	independent_cold	arrays	8	450	5	218110667	188190000000
JavaScriptCore	independent_cold	arrays	8	450	6	221837750	188190000000
zig-js	shared	arrays	8	450	0	187294250	188190000000
zig-js	shared	arrays	8	450	1	179546792	188190000000
zig-js	shared	arrays	8	450	2	192453667	188190000000
zig-js	shared	arrays	8	450	3	172672500	188190000000
zig-js	shared	arrays	8	450	4	161544791	188190000000
zig-js	shared	arrays	8	450	5	179417708	188190000000
zig-js	shared	arrays	8	450	6	168846000	188190000000
JavaScriptCore	single	direct_calls	1	500	0	106402709	497551750
JavaScriptCore	single	direct_calls	1	500	1	105109208	497551750
JavaScriptCore	single	direct_calls	1	500	2	105245584	497551750
JavaScriptCore	single	direct_calls	1	500	3	102932375	497551750
JavaScriptCore	single	direct_calls	1	500	4	105621125	497551750
JavaScriptCore	single	direct_calls	1	500	5	101496041	497551750
JavaScriptCore	single	direct_calls	1	500	6	101829708	497551750
zig-js	single	direct_calls	1	500	0	70116333	497551750
zig-js	single	direct_calls	1	500	1	68548333	497551750
zig-js	single	direct_calls	1	500	2	68719041	497551750
zig-js	single	direct_calls	1	500	3	67946083	497551750
zig-js	single	direct_calls	1	500	4	67591250	497551750
zig-js	single	direct_calls	1	500	5	69102375	497551750
zig-js	single	direct_calls	1	500	6	65934208	497551750
zig-js	independent_steady	direct_calls	1	500	0	66880708	497551750
zig-js	independent_steady	direct_calls	1	500	1	66614583	497551750
zig-js	independent_steady	direct_calls	1	500	2	65024750	497551750
zig-js	independent_steady	direct_calls	1	500	3	65686583	497551750
zig-js	independent_steady	direct_calls	1	500	4	65635292	497551750
zig-js	independent_steady	direct_calls	1	500	5	65845459	497551750
zig-js	independent_steady	direct_calls	1	500	6	65965541	497551750
JavaScriptCore	independent_steady	direct_calls	1	500	0	109622875	497551750
JavaScriptCore	independent_steady	direct_calls	1	500	1	102481958	497551750
JavaScriptCore	independent_steady	direct_calls	1	500	2	100303166	497551750
JavaScriptCore	independent_steady	direct_calls	1	500	3	100658542	497551750
JavaScriptCore	independent_steady	direct_calls	1	500	4	99565833	497551750
JavaScriptCore	independent_steady	direct_calls	1	500	5	99633541	497551750
JavaScriptCore	independent_steady	direct_calls	1	500	6	98680625	497551750
JavaScriptCore	independent_cold	direct_calls	1	500	0	104040584	497551750
JavaScriptCore	independent_cold	direct_calls	1	500	1	100597167	497551750
JavaScriptCore	independent_cold	direct_calls	1	500	2	100704500	497551750
JavaScriptCore	independent_cold	direct_calls	1	500	3	101456292	497551750
JavaScriptCore	independent_cold	direct_calls	1	500	4	100519083	497551750
JavaScriptCore	independent_cold	direct_calls	1	500	5	105002375	497551750
JavaScriptCore	independent_cold	direct_calls	1	500	6	102277791	497551750
zig-js	independent_cold	direct_calls	1	500	0	68392417	497551750
zig-js	independent_cold	direct_calls	1	500	1	69971000	497551750
zig-js	independent_cold	direct_calls	1	500	2	67330542	497551750
zig-js	independent_cold	direct_calls	1	500	3	68586000	497551750
zig-js	independent_cold	direct_calls	1	500	4	68635083	497551750
zig-js	independent_cold	direct_calls	1	500	5	68353292	497551750
zig-js	independent_cold	direct_calls	1	500	6	68167792	497551750
zig-js	shared	direct_calls	1	500	0	67261625	497551750
zig-js	shared	direct_calls	1	500	1	68109833	497551750
zig-js	shared	direct_calls	1	500	2	66619500	497551750
zig-js	shared	direct_calls	1	500	3	66432583	497551750
zig-js	shared	direct_calls	1	500	4	66021375	497551750
zig-js	shared	direct_calls	1	500	5	72078917	497551750
zig-js	shared	direct_calls	1	500	6	104994083	497551750
zig-js	independent_steady	direct_calls	2	500	0	68568125	995104000
zig-js	independent_steady	direct_calls	2	500	1	68289000	995104000
zig-js	independent_steady	direct_calls	2	500	2	66958000	995104000
zig-js	independent_steady	direct_calls	2	500	3	67029250	995104000
zig-js	independent_steady	direct_calls	2	500	4	66891875	995104000
zig-js	independent_steady	direct_calls	2	500	5	66987667	995104000
zig-js	independent_steady	direct_calls	2	500	6	67108167	995104000
JavaScriptCore	independent_steady	direct_calls	2	500	0	103531334	995104000
JavaScriptCore	independent_steady	direct_calls	2	500	1	102973958	995104000
JavaScriptCore	independent_steady	direct_calls	2	500	2	101723041	995104000
JavaScriptCore	independent_steady	direct_calls	2	500	3	104809125	995104000
JavaScriptCore	independent_steady	direct_calls	2	500	4	104264917	995104000
JavaScriptCore	independent_steady	direct_calls	2	500	5	102415959	995104000
JavaScriptCore	independent_steady	direct_calls	2	500	6	102526416	995104000
JavaScriptCore	independent_cold	direct_calls	2	500	0	106728666	995104000
JavaScriptCore	independent_cold	direct_calls	2	500	1	108041167	995104000
JavaScriptCore	independent_cold	direct_calls	2	500	2	105079791	995104000
JavaScriptCore	independent_cold	direct_calls	2	500	3	102976125	995104000
JavaScriptCore	independent_cold	direct_calls	2	500	4	104347000	995104000
JavaScriptCore	independent_cold	direct_calls	2	500	5	108150625	995104000
JavaScriptCore	independent_cold	direct_calls	2	500	6	123425750	995104000
zig-js	independent_cold	direct_calls	2	500	0	72057541	995104000
zig-js	independent_cold	direct_calls	2	500	1	71563625	995104000
zig-js	independent_cold	direct_calls	2	500	2	70920209	995104000
zig-js	independent_cold	direct_calls	2	500	3	70795375	995104000
zig-js	independent_cold	direct_calls	2	500	4	70251167	995104000
zig-js	independent_cold	direct_calls	2	500	5	71829792	995104000
zig-js	independent_cold	direct_calls	2	500	6	71104167	995104000
zig-js	shared	direct_calls	2	500	0	68195125	995104000
zig-js	shared	direct_calls	2	500	1	70227500	995104000
zig-js	shared	direct_calls	2	500	2	68655459	995104000
zig-js	shared	direct_calls	2	500	3	68345042	995104000
zig-js	shared	direct_calls	2	500	4	85622416	995104000
zig-js	shared	direct_calls	2	500	5	76573834	995104000
zig-js	shared	direct_calls	2	500	6	114583916	995104000
zig-js	independent_steady	direct_calls	4	500	0	79684250	1990210000
zig-js	independent_steady	direct_calls	4	500	1	79375708	1990210000
zig-js	independent_steady	direct_calls	4	500	2	70770375	1990210000
zig-js	independent_steady	direct_calls	4	500	3	70721667	1990210000
zig-js	independent_steady	direct_calls	4	500	4	71957083	1990210000
zig-js	independent_steady	direct_calls	4	500	5	77959750	1990210000
zig-js	independent_steady	direct_calls	4	500	6	79758209	1990210000
JavaScriptCore	independent_steady	direct_calls	4	500	0	125632291	1990210000
JavaScriptCore	independent_steady	direct_calls	4	500	1	112040125	1990210000
JavaScriptCore	independent_steady	direct_calls	4	500	2	113724375	1990210000
JavaScriptCore	independent_steady	direct_calls	4	500	3	114569958	1990210000
JavaScriptCore	independent_steady	direct_calls	4	500	4	111857750	1990210000
JavaScriptCore	independent_steady	direct_calls	4	500	5	167192917	1990210000
JavaScriptCore	independent_steady	direct_calls	4	500	6	115705750	1990210000
JavaScriptCore	independent_cold	direct_calls	4	500	0	188045834	1990210000
JavaScriptCore	independent_cold	direct_calls	4	500	1	122530834	1990210000
JavaScriptCore	independent_cold	direct_calls	4	500	2	123871042	1990210000
JavaScriptCore	independent_cold	direct_calls	4	500	3	115481625	1990210000
JavaScriptCore	independent_cold	direct_calls	4	500	4	116124416	1990210000
JavaScriptCore	independent_cold	direct_calls	4	500	5	115457625	1990210000
JavaScriptCore	independent_cold	direct_calls	4	500	6	114241333	1990210000
zig-js	independent_cold	direct_calls	4	500	0	74594625	1990210000
zig-js	independent_cold	direct_calls	4	500	1	78800417	1990210000
zig-js	independent_cold	direct_calls	4	500	2	70797708	1990210000
zig-js	independent_cold	direct_calls	4	500	3	71313125	1990210000
zig-js	independent_cold	direct_calls	4	500	4	71314458	1990210000
zig-js	independent_cold	direct_calls	4	500	5	73589250	1990210000
zig-js	independent_cold	direct_calls	4	500	6	79197792	1990210000
zig-js	shared	direct_calls	4	500	0	77575083	1990210000
zig-js	shared	direct_calls	4	500	1	77033250	1990210000
zig-js	shared	direct_calls	4	500	2	71887375	1990210000
zig-js	shared	direct_calls	4	500	3	72764958	1990210000
zig-js	shared	direct_calls	4	500	4	70364667	1990210000
zig-js	shared	direct_calls	4	500	5	73588666	1990210000
zig-js	shared	direct_calls	4	500	6	74173125	1990210000
zig-js	independent_steady	direct_calls	8	500	0	92346041	3980428000
zig-js	independent_steady	direct_calls	8	500	1	86598125	3980428000
zig-js	independent_steady	direct_calls	8	500	2	91785541	3980428000
zig-js	independent_steady	direct_calls	8	500	3	90216375	3980428000
zig-js	independent_steady	direct_calls	8	500	4	88550417	3980428000
zig-js	independent_steady	direct_calls	8	500	5	87331625	3980428000
zig-js	independent_steady	direct_calls	8	500	6	87826792	3980428000
JavaScriptCore	independent_steady	direct_calls	8	500	0	174438042	3980428000
JavaScriptCore	independent_steady	direct_calls	8	500	1	165369708	3980428000
JavaScriptCore	independent_steady	direct_calls	8	500	2	168367416	3980428000
JavaScriptCore	independent_steady	direct_calls	8	500	3	164434125	3980428000
JavaScriptCore	independent_steady	direct_calls	8	500	4	170482917	3980428000
JavaScriptCore	independent_steady	direct_calls	8	500	5	172004416	3980428000
JavaScriptCore	independent_steady	direct_calls	8	500	6	175173917	3980428000
JavaScriptCore	independent_cold	direct_calls	8	500	0	224395834	3980428000
JavaScriptCore	independent_cold	direct_calls	8	500	1	187102917	3980428000
JavaScriptCore	independent_cold	direct_calls	8	500	2	185611500	3980428000
JavaScriptCore	independent_cold	direct_calls	8	500	3	175934416	3980428000
JavaScriptCore	independent_cold	direct_calls	8	500	4	168841750	3980428000
JavaScriptCore	independent_cold	direct_calls	8	500	5	176874833	3980428000
JavaScriptCore	independent_cold	direct_calls	8	500	6	185981375	3980428000
zig-js	independent_cold	direct_calls	8	500	0	100754875	3980428000
zig-js	independent_cold	direct_calls	8	500	1	102462791	3980428000
zig-js	independent_cold	direct_calls	8	500	2	101730916	3980428000
zig-js	independent_cold	direct_calls	8	500	3	102366834	3980428000
zig-js	independent_cold	direct_calls	8	500	4	140049291	3980428000
zig-js	independent_cold	direct_calls	8	500	5	100062125	3980428000
zig-js	independent_cold	direct_calls	8	500	6	192585750	3980428000
zig-js	shared	direct_calls	8	500	0	95070833	3980428000
zig-js	shared	direct_calls	8	500	1	89193291	3980428000
zig-js	shared	direct_calls	8	500	2	85713875	3980428000
zig-js	shared	direct_calls	8	500	3	89527625	3980428000
zig-js	shared	direct_calls	8	500	4	95770250	3980428000
zig-js	shared	direct_calls	8	500	5	91949167	3980428000
zig-js	shared	direct_calls	8	500	6	91585500	3980428000
zig-js	single	method_calls	1	500	0	84748500	2550250
zig-js	single	method_calls	1	500	1	90125958	2550250
zig-js	single	method_calls	1	500	2	80592125	2550250
zig-js	single	method_calls	1	500	3	80034708	2550250
zig-js	single	method_calls	1	500	4	79373292	2550250
zig-js	single	method_calls	1	500	5	80099875	2550250
zig-js	single	method_calls	1	500	6	79740125	2550250
JavaScriptCore	single	method_calls	1	500	0	151637459	2550250
JavaScriptCore	single	method_calls	1	500	1	147491542	2550250
JavaScriptCore	single	method_calls	1	500	2	144332417	2550250
JavaScriptCore	single	method_calls	1	500	3	144262917	2550250
JavaScriptCore	single	method_calls	1	500	4	143791709	2550250
JavaScriptCore	single	method_calls	1	500	5	144205958	2550250
JavaScriptCore	single	method_calls	1	500	6	150053500	2550250
JavaScriptCore	independent_steady	method_calls	1	500	0	156491500	2550250
JavaScriptCore	independent_steady	method_calls	1	500	1	151788041	2550250
JavaScriptCore	independent_steady	method_calls	1	500	2	151698458	2550250
JavaScriptCore	independent_steady	method_calls	1	500	3	148074333	2550250
JavaScriptCore	independent_steady	method_calls	1	500	4	152058458	2550250
JavaScriptCore	independent_steady	method_calls	1	500	5	153951417	2550250
JavaScriptCore	independent_steady	method_calls	1	500	6	162930667	2550250
zig-js	independent_steady	method_calls	1	500	0	103325416	2550250
zig-js	independent_steady	method_calls	1	500	1	80707375	2550250
zig-js	independent_steady	method_calls	1	500	2	85473375	2550250
zig-js	independent_steady	method_calls	1	500	3	83185791	2550250
zig-js	independent_steady	method_calls	1	500	4	82512750	2550250
zig-js	independent_steady	method_calls	1	500	5	79727917	2550250
zig-js	independent_steady	method_calls	1	500	6	80148458	2550250
zig-js	independent_cold	method_calls	1	500	0	82919958	2550250
zig-js	independent_cold	method_calls	1	500	1	85978417	2550250
zig-js	independent_cold	method_calls	1	500	2	81581125	2550250
zig-js	independent_cold	method_calls	1	500	3	82534833	2550250
zig-js	independent_cold	method_calls	1	500	4	85019083	2550250
zig-js	independent_cold	method_calls	1	500	5	84736209	2550250
zig-js	independent_cold	method_calls	1	500	6	84778458	2550250
JavaScriptCore	independent_cold	method_calls	1	500	0	159656833	2550250
JavaScriptCore	independent_cold	method_calls	1	500	1	148087458	2550250
JavaScriptCore	independent_cold	method_calls	1	500	2	148922583	2550250
JavaScriptCore	independent_cold	method_calls	1	500	3	151160083	2550250
JavaScriptCore	independent_cold	method_calls	1	500	4	146875042	2550250
JavaScriptCore	independent_cold	method_calls	1	500	5	145298625	2550250
JavaScriptCore	independent_cold	method_calls	1	500	6	144936917	2550250
zig-js	shared	method_calls	1	500	0	91816583	2550250
zig-js	shared	method_calls	1	500	1	93993083	2550250
zig-js	shared	method_calls	1	500	2	92599250	2550250
zig-js	shared	method_calls	1	500	3	90219000	2550250
zig-js	shared	method_calls	1	500	4	89776083	2550250
zig-js	shared	method_calls	1	500	5	90185917	2550250
zig-js	shared	method_calls	1	500	6	92618500	2550250
JavaScriptCore	independent_steady	method_calls	2	500	0	158623917	10100500
JavaScriptCore	independent_steady	method_calls	2	500	1	153103667	10100500
JavaScriptCore	independent_steady	method_calls	2	500	2	155883250	10100500
JavaScriptCore	independent_steady	method_calls	2	500	3	155166375	10100500
JavaScriptCore	independent_steady	method_calls	2	500	4	154514958	10100500
JavaScriptCore	independent_steady	method_calls	2	500	5	150175875	10100500
JavaScriptCore	independent_steady	method_calls	2	500	6	203148000	10100500
zig-js	independent_steady	method_calls	2	500	0	88932750	10100500
zig-js	independent_steady	method_calls	2	500	1	85085375	10100500
zig-js	independent_steady	method_calls	2	500	2	81064500	10100500
zig-js	independent_steady	method_calls	2	500	3	81440583	10100500
zig-js	independent_steady	method_calls	2	500	4	83981541	10100500
zig-js	independent_steady	method_calls	2	500	5	136620083	10100500
zig-js	independent_steady	method_calls	2	500	6	146988375	10100500
zig-js	independent_cold	method_calls	2	500	0	127793209	10100500
zig-js	independent_cold	method_calls	2	500	1	90351958	10100500
zig-js	independent_cold	method_calls	2	500	2	121990875	10100500
zig-js	independent_cold	method_calls	2	500	3	116058250	10100500
zig-js	independent_cold	method_calls	2	500	4	84988916	10100500
zig-js	independent_cold	method_calls	2	500	5	85002375	10100500
zig-js	independent_cold	method_calls	2	500	6	83137417	10100500
JavaScriptCore	independent_cold	method_calls	2	500	0	188096042	10100500
JavaScriptCore	independent_cold	method_calls	2	500	1	155477708	10100500
JavaScriptCore	independent_cold	method_calls	2	500	2	167700917	10100500
JavaScriptCore	independent_cold	method_calls	2	500	3	151119042	10100500
JavaScriptCore	independent_cold	method_calls	2	500	4	149953083	10100500
JavaScriptCore	independent_cold	method_calls	2	500	5	183619250	10100500
JavaScriptCore	independent_cold	method_calls	2	500	6	151775833	10100500
zig-js	shared	method_calls	2	500	0	97750084	10100500
zig-js	shared	method_calls	2	500	1	95402125	10100500
zig-js	shared	method_calls	2	500	2	96242583	10100500
zig-js	shared	method_calls	2	500	3	93322500	10100500
zig-js	shared	method_calls	2	500	4	94377667	10100500
zig-js	shared	method_calls	2	500	5	93156083	10100500
zig-js	shared	method_calls	2	500	6	93654125	10100500
JavaScriptCore	independent_steady	method_calls	4	500	0	194400833	40201000
JavaScriptCore	independent_steady	method_calls	4	500	1	185409833	40201000
JavaScriptCore	independent_steady	method_calls	4	500	2	312803583	40201000
JavaScriptCore	independent_steady	method_calls	4	500	3	287154250	40201000
JavaScriptCore	independent_steady	method_calls	4	500	4	229364958	40201000
JavaScriptCore	independent_steady	method_calls	4	500	5	205007167	40201000
JavaScriptCore	independent_steady	method_calls	4	500	6	170580917	40201000
zig-js	independent_steady	method_calls	4	500	0	94228375	40201000
zig-js	independent_steady	method_calls	4	500	1	87943083	40201000
zig-js	independent_steady	method_calls	4	500	2	87719208	40201000
zig-js	independent_steady	method_calls	4	500	3	86812500	40201000
zig-js	independent_steady	method_calls	4	500	4	86369667	40201000
zig-js	independent_steady	method_calls	4	500	5	89469792	40201000
zig-js	independent_steady	method_calls	4	500	6	89446625	40201000
zig-js	independent_cold	method_calls	4	500	0	94721292	40201000
zig-js	independent_cold	method_calls	4	500	1	95539417	40201000
zig-js	independent_cold	method_calls	4	500	2	95855875	40201000
zig-js	independent_cold	method_calls	4	500	3	105483500	40201000
zig-js	independent_cold	method_calls	4	500	4	96334833	40201000
zig-js	independent_cold	method_calls	4	500	5	89680834	40201000
zig-js	independent_cold	method_calls	4	500	6	101751167	40201000
JavaScriptCore	independent_cold	method_calls	4	500	0	202949041	40201000
JavaScriptCore	independent_cold	method_calls	4	500	1	172530500	40201000
JavaScriptCore	independent_cold	method_calls	4	500	2	183536417	40201000
JavaScriptCore	independent_cold	method_calls	4	500	3	163573667	40201000
JavaScriptCore	independent_cold	method_calls	4	500	4	160888334	40201000
JavaScriptCore	independent_cold	method_calls	4	500	5	166242708	40201000
JavaScriptCore	independent_cold	method_calls	4	500	6	179727250	40201000
zig-js	shared	method_calls	4	500	0	141315084	40201000
zig-js	shared	method_calls	4	500	1	116753708	40201000
zig-js	shared	method_calls	4	500	2	131571042	40201000
zig-js	shared	method_calls	4	500	3	251358500	40201000
zig-js	shared	method_calls	4	500	4	203008667	40201000
zig-js	shared	method_calls	4	500	5	237988625	40201000
zig-js	shared	method_calls	4	500	6	184232833	40201000
JavaScriptCore	independent_steady	method_calls	8	500	0	267984166	160402000
JavaScriptCore	independent_steady	method_calls	8	500	1	237483500	160402000
JavaScriptCore	independent_steady	method_calls	8	500	2	241872334	160402000
JavaScriptCore	independent_steady	method_calls	8	500	3	233692084	160402000
JavaScriptCore	independent_steady	method_calls	8	500	4	239010000	160402000
JavaScriptCore	independent_steady	method_calls	8	500	5	231818750	160402000
JavaScriptCore	independent_steady	method_calls	8	500	6	241687792	160402000
zig-js	independent_steady	method_calls	8	500	0	124974000	160402000
zig-js	independent_steady	method_calls	8	500	1	115369875	160402000
zig-js	independent_steady	method_calls	8	500	2	112814666	160402000
zig-js	independent_steady	method_calls	8	500	3	111792541	160402000
zig-js	independent_steady	method_calls	8	500	4	112944583	160402000
zig-js	independent_steady	method_calls	8	500	5	113879125	160402000
zig-js	independent_steady	method_calls	8	500	6	110671125	160402000
zig-js	independent_cold	method_calls	8	500	0	119333792	160402000
zig-js	independent_cold	method_calls	8	500	1	120510042	160402000
zig-js	independent_cold	method_calls	8	500	2	123218958	160402000
zig-js	independent_cold	method_calls	8	500	3	126301125	160402000
zig-js	independent_cold	method_calls	8	500	4	122606042	160402000
zig-js	independent_cold	method_calls	8	500	5	122796750	160402000
zig-js	independent_cold	method_calls	8	500	6	126938500	160402000
JavaScriptCore	independent_cold	method_calls	8	500	0	277071958	160402000
JavaScriptCore	independent_cold	method_calls	8	500	1	250340042	160402000
JavaScriptCore	independent_cold	method_calls	8	500	2	262024167	160402000
JavaScriptCore	independent_cold	method_calls	8	500	3	239444166	160402000
JavaScriptCore	independent_cold	method_calls	8	500	4	237409916	160402000
JavaScriptCore	independent_cold	method_calls	8	500	5	249661042	160402000
JavaScriptCore	independent_cold	method_calls	8	500	6	230290625	160402000
zig-js	shared	method_calls	8	500	0	183873541	160402000
zig-js	shared	method_calls	8	500	1	151639291	160402000
zig-js	shared	method_calls	8	500	2	251889125	160402000
zig-js	shared	method_calls	8	500	3	270764416	160402000
zig-js	shared	method_calls	8	500	4	194481791	160402000
zig-js	shared	method_calls	8	500	5	173746083	160402000
zig-js	shared	method_calls	8	500	6	147712208	160402000
JavaScriptCore	single	closure_calls	1	500	0	171596625	497551750
JavaScriptCore	single	closure_calls	1	500	1	163487166	497551750
JavaScriptCore	single	closure_calls	1	500	2	164013459	497551750
JavaScriptCore	single	closure_calls	1	500	3	167942458	497551750
JavaScriptCore	single	closure_calls	1	500	4	169517500	497551750
JavaScriptCore	single	closure_calls	1	500	5	165998083	497551750
JavaScriptCore	single	closure_calls	1	500	6	164310792	497551750
zig-js	single	closure_calls	1	500	0	75191375	497551750
zig-js	single	closure_calls	1	500	1	73849250	497551750
zig-js	single	closure_calls	1	500	2	71796000	497551750
zig-js	single	closure_calls	1	500	3	72650042	497551750
zig-js	single	closure_calls	1	500	4	71846291	497551750
zig-js	single	closure_calls	1	500	5	75335166	497551750
zig-js	single	closure_calls	1	500	6	73039084	497551750
zig-js	independent_steady	closure_calls	1	500	0	74425250	497551750
zig-js	independent_steady	closure_calls	1	500	1	74940667	497551750
zig-js	independent_steady	closure_calls	1	500	2	73662417	497551750
zig-js	independent_steady	closure_calls	1	500	3	71589833	497551750
zig-js	independent_steady	closure_calls	1	500	4	71779000	497551750
zig-js	independent_steady	closure_calls	1	500	5	71383792	497551750
zig-js	independent_steady	closure_calls	1	500	6	70607042	497551750
JavaScriptCore	independent_steady	closure_calls	1	500	0	165804416	497551750
JavaScriptCore	independent_steady	closure_calls	1	500	1	162511584	497551750
JavaScriptCore	independent_steady	closure_calls	1	500	2	168539584	497551750
JavaScriptCore	independent_steady	closure_calls	1	500	3	169305208	497551750
JavaScriptCore	independent_steady	closure_calls	1	500	4	167625167	497551750
JavaScriptCore	independent_steady	closure_calls	1	500	5	166381042	497551750
JavaScriptCore	independent_steady	closure_calls	1	500	6	176099291	497551750
JavaScriptCore	independent_cold	closure_calls	1	500	0	168761709	497551750
JavaScriptCore	independent_cold	closure_calls	1	500	1	165119458	497551750
JavaScriptCore	independent_cold	closure_calls	1	500	2	179251375	497551750
JavaScriptCore	independent_cold	closure_calls	1	500	3	168907792	497551750
JavaScriptCore	independent_cold	closure_calls	1	500	4	180723875	497551750
JavaScriptCore	independent_cold	closure_calls	1	500	5	175818166	497551750
JavaScriptCore	independent_cold	closure_calls	1	500	6	169261459	497551750
zig-js	independent_cold	closure_calls	1	500	0	78695792	497551750
zig-js	independent_cold	closure_calls	1	500	1	83471459	497551750
zig-js	independent_cold	closure_calls	1	500	2	74153833	497551750
zig-js	independent_cold	closure_calls	1	500	3	73719750	497551750
zig-js	independent_cold	closure_calls	1	500	4	71581458	497551750
zig-js	independent_cold	closure_calls	1	500	5	71377542	497551750
zig-js	independent_cold	closure_calls	1	500	6	71574542	497551750
zig-js	shared	closure_calls	1	500	0	74523209	497551750
zig-js	shared	closure_calls	1	500	1	73494209	497551750
zig-js	shared	closure_calls	1	500	2	72304875	497551750
zig-js	shared	closure_calls	1	500	3	74217000	497551750
zig-js	shared	closure_calls	1	500	4	98998584	497551750
zig-js	shared	closure_calls	1	500	5	123647500	497551750
zig-js	shared	closure_calls	1	500	6	90303916	497551750
zig-js	independent_steady	closure_calls	2	500	0	98195166	995104000
zig-js	independent_steady	closure_calls	2	500	1	81646833	995104000
zig-js	independent_steady	closure_calls	2	500	2	74181625	995104000
zig-js	independent_steady	closure_calls	2	500	3	76063083	995104000
zig-js	independent_steady	closure_calls	2	500	4	72021792	995104000
zig-js	independent_steady	closure_calls	2	500	5	71268333	995104000
zig-js	independent_steady	closure_calls	2	500	6	71110125	995104000
JavaScriptCore	independent_steady	closure_calls	2	500	0	169815875	995104000
JavaScriptCore	independent_steady	closure_calls	2	500	1	167641083	995104000
JavaScriptCore	independent_steady	closure_calls	2	500	2	167966625	995104000
JavaScriptCore	independent_steady	closure_calls	2	500	3	167130917	995104000
JavaScriptCore	independent_steady	closure_calls	2	500	4	168270000	995104000
JavaScriptCore	independent_steady	closure_calls	2	500	5	167093917	995104000
JavaScriptCore	independent_steady	closure_calls	2	500	6	166425833	995104000
JavaScriptCore	independent_cold	closure_calls	2	500	0	172304917	995104000
JavaScriptCore	independent_cold	closure_calls	2	500	1	168851084	995104000
JavaScriptCore	independent_cold	closure_calls	2	500	2	174246084	995104000
JavaScriptCore	independent_cold	closure_calls	2	500	3	174563208	995104000
JavaScriptCore	independent_cold	closure_calls	2	500	4	170319584	995104000
JavaScriptCore	independent_cold	closure_calls	2	500	5	167662000	995104000
JavaScriptCore	independent_cold	closure_calls	2	500	6	168194000	995104000
zig-js	independent_cold	closure_calls	2	500	0	73996417	995104000
zig-js	independent_cold	closure_calls	2	500	1	75539042	995104000
zig-js	independent_cold	closure_calls	2	500	2	73486500	995104000
zig-js	independent_cold	closure_calls	2	500	3	73070958	995104000
zig-js	independent_cold	closure_calls	2	500	4	73910958	995104000
zig-js	independent_cold	closure_calls	2	500	5	74653375	995104000
zig-js	independent_cold	closure_calls	2	500	6	74993208	995104000
zig-js	shared	closure_calls	2	500	0	81405292	995104000
zig-js	shared	closure_calls	2	500	1	80165916	995104000
zig-js	shared	closure_calls	2	500	2	78364167	995104000
zig-js	shared	closure_calls	2	500	3	77247833	995104000
zig-js	shared	closure_calls	2	500	4	75768042	995104000
zig-js	shared	closure_calls	2	500	5	77311292	995104000
zig-js	shared	closure_calls	2	500	6	79093292	995104000
zig-js	independent_steady	closure_calls	4	500	0	102765792	1990210000
zig-js	independent_steady	closure_calls	4	500	1	86580542	1990210000
zig-js	independent_steady	closure_calls	4	500	2	79555500	1990210000
zig-js	independent_steady	closure_calls	4	500	3	77214583	1990210000
zig-js	independent_steady	closure_calls	4	500	4	75375833	1990210000
zig-js	independent_steady	closure_calls	4	500	5	79725084	1990210000
zig-js	independent_steady	closure_calls	4	500	6	84742250	1990210000
JavaScriptCore	independent_steady	closure_calls	4	500	0	204370291	1990210000
JavaScriptCore	independent_steady	closure_calls	4	500	1	194442209	1990210000
JavaScriptCore	independent_steady	closure_calls	4	500	2	205114000	1990210000
JavaScriptCore	independent_steady	closure_calls	4	500	3	191281417	1990210000
JavaScriptCore	independent_steady	closure_calls	4	500	4	187683708	1990210000
JavaScriptCore	independent_steady	closure_calls	4	500	5	189086875	1990210000
JavaScriptCore	independent_steady	closure_calls	4	500	6	193118125	1990210000
JavaScriptCore	independent_cold	closure_calls	4	500	0	215203791	1990210000
JavaScriptCore	independent_cold	closure_calls	4	500	1	192848708	1990210000
JavaScriptCore	independent_cold	closure_calls	4	500	2	192851875	1990210000
JavaScriptCore	independent_cold	closure_calls	4	500	3	193867583	1990210000
JavaScriptCore	independent_cold	closure_calls	4	500	4	208420459	1990210000
JavaScriptCore	independent_cold	closure_calls	4	500	5	194751458	1990210000
JavaScriptCore	independent_cold	closure_calls	4	500	6	197158208	1990210000
zig-js	independent_cold	closure_calls	4	500	0	85324792	1990210000
zig-js	independent_cold	closure_calls	4	500	1	89902625	1990210000
zig-js	independent_cold	closure_calls	4	500	2	79915875	1990210000
zig-js	independent_cold	closure_calls	4	500	3	79715875	1990210000
zig-js	independent_cold	closure_calls	4	500	4	80005125	1990210000
zig-js	independent_cold	closure_calls	4	500	5	79703041	1990210000
zig-js	independent_cold	closure_calls	4	500	6	77978750	1990210000
zig-js	shared	closure_calls	4	500	0	84150375	1990210000
zig-js	shared	closure_calls	4	500	1	83065291	1990210000
zig-js	shared	closure_calls	4	500	2	76308750	1990210000
zig-js	shared	closure_calls	4	500	3	77476708	1990210000
zig-js	shared	closure_calls	4	500	4	78025208	1990210000
zig-js	shared	closure_calls	4	500	5	79434916	1990210000
zig-js	shared	closure_calls	4	500	6	78397792	1990210000
zig-js	independent_steady	closure_calls	8	500	0	101725709	3980428000
zig-js	independent_steady	closure_calls	8	500	1	103843167	3980428000
zig-js	independent_steady	closure_calls	8	500	2	96884667	3980428000
zig-js	independent_steady	closure_calls	8	500	3	96799500	3980428000
zig-js	independent_steady	closure_calls	8	500	4	92593500	3980428000
zig-js	independent_steady	closure_calls	8	500	5	96769750	3980428000
zig-js	independent_steady	closure_calls	8	500	6	95046500	3980428000
JavaScriptCore	independent_steady	closure_calls	8	500	0	289758334	3980428000
JavaScriptCore	independent_steady	closure_calls	8	500	1	280139333	3980428000
JavaScriptCore	independent_steady	closure_calls	8	500	2	273381208	3980428000
JavaScriptCore	independent_steady	closure_calls	8	500	3	293334333	3980428000
JavaScriptCore	independent_steady	closure_calls	8	500	4	271631500	3980428000
JavaScriptCore	independent_steady	closure_calls	8	500	5	283399209	3980428000
JavaScriptCore	independent_steady	closure_calls	8	500	6	275544875	3980428000
JavaScriptCore	independent_cold	closure_calls	8	500	0	307555375	3980428000
JavaScriptCore	independent_cold	closure_calls	8	500	1	277827084	3980428000
JavaScriptCore	independent_cold	closure_calls	8	500	2	326870917	3980428000
JavaScriptCore	independent_cold	closure_calls	8	500	3	306660958	3980428000
JavaScriptCore	independent_cold	closure_calls	8	500	4	299167000	3980428000
JavaScriptCore	independent_cold	closure_calls	8	500	5	283947292	3980428000
JavaScriptCore	independent_cold	closure_calls	8	500	6	289605917	3980428000
zig-js	independent_cold	closure_calls	8	500	0	102798959	3980428000
zig-js	independent_cold	closure_calls	8	500	1	108480250	3980428000
zig-js	independent_cold	closure_calls	8	500	2	108694667	3980428000
zig-js	independent_cold	closure_calls	8	500	3	104162166	3980428000
zig-js	independent_cold	closure_calls	8	500	4	105357750	3980428000
zig-js	independent_cold	closure_calls	8	500	5	99644125	3980428000
zig-js	independent_cold	closure_calls	8	500	6	100003375	3980428000
zig-js	shared	closure_calls	8	500	0	108487916	3980428000
zig-js	shared	closure_calls	8	500	1	101503417	3980428000
zig-js	shared	closure_calls	8	500	2	107907416	3980428000
zig-js	shared	closure_calls	8	500	3	129921291	3980428000
zig-js	shared	closure_calls	8	500	4	122918250	3980428000
zig-js	shared	closure_calls	8	500	5	104800291	3980428000
zig-js	shared	closure_calls	8	500	6	103414875	3980428000
zig-js	single	arguments_calls	1	400	0	74916500	398021400
zig-js	single	arguments_calls	1	400	1	67980291	398021400
zig-js	single	arguments_calls	1	400	2	64888000	398021400
zig-js	single	arguments_calls	1	400	3	63241417	398021400
zig-js	single	arguments_calls	1	400	4	64878583	398021400
zig-js	single	arguments_calls	1	400	5	65680958	398021400
zig-js	single	arguments_calls	1	400	6	63040083	398021400
JavaScriptCore	single	arguments_calls	1	400	0	278752250	398021400
JavaScriptCore	single	arguments_calls	1	400	1	217145792	398021400
JavaScriptCore	single	arguments_calls	1	400	2	208005417	398021400
JavaScriptCore	single	arguments_calls	1	400	3	205599875	398021400
JavaScriptCore	single	arguments_calls	1	400	4	205095834	398021400
JavaScriptCore	single	arguments_calls	1	400	5	204438334	398021400
JavaScriptCore	single	arguments_calls	1	400	6	204409000	398021400
JavaScriptCore	independent_steady	arguments_calls	1	400	0	206628416	398021400
JavaScriptCore	independent_steady	arguments_calls	1	400	1	204004250	398021400
JavaScriptCore	independent_steady	arguments_calls	1	400	2	203962209	398021400
JavaScriptCore	independent_steady	arguments_calls	1	400	3	203460708	398021400
JavaScriptCore	independent_steady	arguments_calls	1	400	4	204665708	398021400
JavaScriptCore	independent_steady	arguments_calls	1	400	5	204186583	398021400
JavaScriptCore	independent_steady	arguments_calls	1	400	6	204081958	398021400
zig-js	independent_steady	arguments_calls	1	400	0	61250958	398021400
zig-js	independent_steady	arguments_calls	1	400	1	61915875	398021400
zig-js	independent_steady	arguments_calls	1	400	2	61454292	398021400
zig-js	independent_steady	arguments_calls	1	400	3	60433750	398021400
zig-js	independent_steady	arguments_calls	1	400	4	61260292	398021400
zig-js	independent_steady	arguments_calls	1	400	5	64567333	398021400
zig-js	independent_steady	arguments_calls	1	400	6	65101209	398021400
zig-js	independent_cold	arguments_calls	1	400	0	65150500	398021400
zig-js	independent_cold	arguments_calls	1	400	1	65455208	398021400
zig-js	independent_cold	arguments_calls	1	400	2	63608875	398021400
zig-js	independent_cold	arguments_calls	1	400	3	64940333	398021400
zig-js	independent_cold	arguments_calls	1	400	4	64647458	398021400
zig-js	independent_cold	arguments_calls	1	400	5	63280500	398021400
zig-js	independent_cold	arguments_calls	1	400	6	62304666	398021400
JavaScriptCore	independent_cold	arguments_calls	1	400	0	257054875	398021400
JavaScriptCore	independent_cold	arguments_calls	1	400	1	218286292	398021400
JavaScriptCore	independent_cold	arguments_calls	1	400	2	206669500	398021400
JavaScriptCore	independent_cold	arguments_calls	1	400	3	206046667	398021400
JavaScriptCore	independent_cold	arguments_calls	1	400	4	205458125	398021400
JavaScriptCore	independent_cold	arguments_calls	1	400	5	206056750	398021400
JavaScriptCore	independent_cold	arguments_calls	1	400	6	205565833	398021400
zig-js	shared	arguments_calls	1	400	0	66714000	398021400
zig-js	shared	arguments_calls	1	400	1	65302542	398021400
zig-js	shared	arguments_calls	1	400	2	61655750	398021400
zig-js	shared	arguments_calls	1	400	3	60552041	398021400
zig-js	shared	arguments_calls	1	400	4	60012375	398021400
zig-js	shared	arguments_calls	1	400	5	59889375	398021400
zig-js	shared	arguments_calls	1	400	6	60037042	398021400
JavaScriptCore	independent_steady	arguments_calls	2	400	0	212291458	796043200
JavaScriptCore	independent_steady	arguments_calls	2	400	1	209780375	796043200
JavaScriptCore	independent_steady	arguments_calls	2	400	2	211670208	796043200
JavaScriptCore	independent_steady	arguments_calls	2	400	3	214256000	796043200
JavaScriptCore	independent_steady	arguments_calls	2	400	4	224936125	796043200
JavaScriptCore	independent_steady	arguments_calls	2	400	5	214610750	796043200
JavaScriptCore	independent_steady	arguments_calls	2	400	6	219442500	796043200
zig-js	independent_steady	arguments_calls	2	400	0	63948500	796043200
zig-js	independent_steady	arguments_calls	2	400	1	64599125	796043200
zig-js	independent_steady	arguments_calls	2	400	2	66332042	796043200
zig-js	independent_steady	arguments_calls	2	400	3	62205834	796043200
zig-js	independent_steady	arguments_calls	2	400	4	62055125	796043200
zig-js	independent_steady	arguments_calls	2	400	5	61955584	796043200
zig-js	independent_steady	arguments_calls	2	400	6	61833833	796043200
zig-js	independent_cold	arguments_calls	2	400	0	63671083	796043200
zig-js	independent_cold	arguments_calls	2	400	1	65426958	796043200
zig-js	independent_cold	arguments_calls	2	400	2	63187667	796043200
zig-js	independent_cold	arguments_calls	2	400	3	62978500	796043200
zig-js	independent_cold	arguments_calls	2	400	4	63662917	796043200
zig-js	independent_cold	arguments_calls	2	400	5	63339500	796043200
zig-js	independent_cold	arguments_calls	2	400	6	63244000	796043200
JavaScriptCore	independent_cold	arguments_calls	2	400	0	216965416	796043200
JavaScriptCore	independent_cold	arguments_calls	2	400	1	212464541	796043200
JavaScriptCore	independent_cold	arguments_calls	2	400	2	221549416	796043200
JavaScriptCore	independent_cold	arguments_calls	2	400	3	213339667	796043200
JavaScriptCore	independent_cold	arguments_calls	2	400	4	221870791	796043200
JavaScriptCore	independent_cold	arguments_calls	2	400	5	217578958	796043200
JavaScriptCore	independent_cold	arguments_calls	2	400	6	217710208	796043200
zig-js	shared	arguments_calls	2	400	0	63087917	796043200
zig-js	shared	arguments_calls	2	400	1	65422917	796043200
zig-js	shared	arguments_calls	2	400	2	64522500	796043200
zig-js	shared	arguments_calls	2	400	3	62703708	796043200
zig-js	shared	arguments_calls	2	400	4	61168458	796043200
zig-js	shared	arguments_calls	2	400	5	62152083	796043200
zig-js	shared	arguments_calls	2	400	6	62809291	796043200
JavaScriptCore	independent_steady	arguments_calls	4	400	0	245831375	1592088000
JavaScriptCore	independent_steady	arguments_calls	4	400	1	264652000	1592088000
JavaScriptCore	independent_steady	arguments_calls	4	400	2	247951000	1592088000
JavaScriptCore	independent_steady	arguments_calls	4	400	3	237643291	1592088000
JavaScriptCore	independent_steady	arguments_calls	4	400	4	252956125	1592088000
JavaScriptCore	independent_steady	arguments_calls	4	400	5	257386416	1592088000
JavaScriptCore	independent_steady	arguments_calls	4	400	6	267204375	1592088000
zig-js	independent_steady	arguments_calls	4	400	0	113633625	1592088000
zig-js	independent_steady	arguments_calls	4	400	1	84858125	1592088000
zig-js	independent_steady	arguments_calls	4	400	2	80722833	1592088000
zig-js	independent_steady	arguments_calls	4	400	3	77007542	1592088000
zig-js	independent_steady	arguments_calls	4	400	4	79194291	1592088000
zig-js	independent_steady	arguments_calls	4	400	5	76508083	1592088000
zig-js	independent_steady	arguments_calls	4	400	6	81017125	1592088000
zig-js	independent_cold	arguments_calls	4	400	0	83118125	1592088000
zig-js	independent_cold	arguments_calls	4	400	1	86220083	1592088000
zig-js	independent_cold	arguments_calls	4	400	2	143031250	1592088000
zig-js	independent_cold	arguments_calls	4	400	3	76969708	1592088000
zig-js	independent_cold	arguments_calls	4	400	4	71321333	1592088000
zig-js	independent_cold	arguments_calls	4	400	5	70316667	1592088000
zig-js	independent_cold	arguments_calls	4	400	6	83553666	1592088000
JavaScriptCore	independent_cold	arguments_calls	4	400	0	270105459	1592088000
JavaScriptCore	independent_cold	arguments_calls	4	400	1	249125833	1592088000
JavaScriptCore	independent_cold	arguments_calls	4	400	2	227310458	1592088000
JavaScriptCore	independent_cold	arguments_calls	4	400	3	235465041	1592088000
JavaScriptCore	independent_cold	arguments_calls	4	400	4	234426542	1592088000
JavaScriptCore	independent_cold	arguments_calls	4	400	5	231626042	1592088000
JavaScriptCore	independent_cold	arguments_calls	4	400	6	230825291	1592088000
zig-js	shared	arguments_calls	4	400	0	72116625	1592088000
zig-js	shared	arguments_calls	4	400	1	68853875	1592088000
zig-js	shared	arguments_calls	4	400	2	66583208	1592088000
zig-js	shared	arguments_calls	4	400	3	69479709	1592088000
zig-js	shared	arguments_calls	4	400	4	67796250	1592088000
zig-js	shared	arguments_calls	4	400	5	74313792	1592088000
zig-js	shared	arguments_calls	4	400	6	64472958	1592088000
JavaScriptCore	independent_steady	arguments_calls	8	400	0	414969458	3184182400
JavaScriptCore	independent_steady	arguments_calls	8	400	1	373950834	3184182400
JavaScriptCore	independent_steady	arguments_calls	8	400	2	371887958	3184182400
JavaScriptCore	independent_steady	arguments_calls	8	400	3	363432916	3184182400
JavaScriptCore	independent_steady	arguments_calls	8	400	4	373132250	3184182400
JavaScriptCore	independent_steady	arguments_calls	8	400	5	418695292	3184182400
JavaScriptCore	independent_steady	arguments_calls	8	400	6	394751958	3184182400
zig-js	independent_steady	arguments_calls	8	400	0	136163583	3184182400
zig-js	independent_steady	arguments_calls	8	400	1	100986042	3184182400
zig-js	independent_steady	arguments_calls	8	400	2	177572792	3184182400
zig-js	independent_steady	arguments_calls	8	400	3	88761083	3184182400
zig-js	independent_steady	arguments_calls	8	400	4	92877792	3184182400
zig-js	independent_steady	arguments_calls	8	400	5	90866000	3184182400
zig-js	independent_steady	arguments_calls	8	400	6	90145542	3184182400
zig-js	independent_cold	arguments_calls	8	400	0	105698666	3184182400
zig-js	independent_cold	arguments_calls	8	400	1	115660208	3184182400
zig-js	independent_cold	arguments_calls	8	400	2	92498958	3184182400
zig-js	independent_cold	arguments_calls	8	400	3	88004084	3184182400
zig-js	independent_cold	arguments_calls	8	400	4	88326333	3184182400
zig-js	independent_cold	arguments_calls	8	400	5	103841250	3184182400
zig-js	independent_cold	arguments_calls	8	400	6	99559208	3184182400
JavaScriptCore	independent_cold	arguments_calls	8	400	0	391129625	3184182400
JavaScriptCore	independent_cold	arguments_calls	8	400	1	396783875	3184182400
JavaScriptCore	independent_cold	arguments_calls	8	400	2	382802625	3184182400
JavaScriptCore	independent_cold	arguments_calls	8	400	3	366633333	3184182400
JavaScriptCore	independent_cold	arguments_calls	8	400	4	390674500	3184182400
JavaScriptCore	independent_cold	arguments_calls	8	400	5	370675833	3184182400
JavaScriptCore	independent_cold	arguments_calls	8	400	6	382548167	3184182400
zig-js	shared	arguments_calls	8	400	0	101823916	3184182400
zig-js	shared	arguments_calls	8	400	1	95379208	3184182400
zig-js	shared	arguments_calls	8	400	2	98750833	3184182400
zig-js	shared	arguments_calls	8	400	3	101187334	3184182400
zig-js	shared	arguments_calls	8	400	4	87646875	3184182400
zig-js	shared	arguments_calls	8	400	5	87715541	3184182400
zig-js	shared	arguments_calls	8	400	6	92298083	3184182400
JavaScriptCore	single	fibonacci	1	100	0	387101166	19641700
JavaScriptCore	single	fibonacci	1	100	1	386421416	19641700
JavaScriptCore	single	fibonacci	1	100	2	395571250	19641700
JavaScriptCore	single	fibonacci	1	100	3	389356291	19641700
JavaScriptCore	single	fibonacci	1	100	4	377184875	19641700
JavaScriptCore	single	fibonacci	1	100	5	395901416	19641700
JavaScriptCore	single	fibonacci	1	100	6	378120667	19641700
zig-js	single	fibonacci	1	100	0	78318875	19641700
zig-js	single	fibonacci	1	100	1	73723084	19641700
zig-js	single	fibonacci	1	100	2	69738959	19641700
zig-js	single	fibonacci	1	100	3	69786500	19641700
zig-js	single	fibonacci	1	100	4	69262792	19641700
zig-js	single	fibonacci	1	100	5	69042834	19641700
zig-js	single	fibonacci	1	100	6	69022709	19641700
zig-js	independent_steady	fibonacci	1	100	0	70003458	19641700
zig-js	independent_steady	fibonacci	1	100	1	71016208	19641700
zig-js	independent_steady	fibonacci	1	100	2	68777584	19641700
zig-js	independent_steady	fibonacci	1	100	3	68824333	19641700
zig-js	independent_steady	fibonacci	1	100	4	68826042	19641700
zig-js	independent_steady	fibonacci	1	100	5	69735000	19641700
zig-js	independent_steady	fibonacci	1	100	6	69433167	19641700
JavaScriptCore	independent_steady	fibonacci	1	100	0	375563167	19641700
JavaScriptCore	independent_steady	fibonacci	1	100	1	375561417	19641700
JavaScriptCore	independent_steady	fibonacci	1	100	2	376410291	19641700
JavaScriptCore	independent_steady	fibonacci	1	100	3	375155834	19641700
JavaScriptCore	independent_steady	fibonacci	1	100	4	375425625	19641700
JavaScriptCore	independent_steady	fibonacci	1	100	5	377457834	19641700
JavaScriptCore	independent_steady	fibonacci	1	100	6	375473833	19641700
JavaScriptCore	independent_cold	fibonacci	1	100	0	382358000	19641700
JavaScriptCore	independent_cold	fibonacci	1	100	1	377117166	19641700
JavaScriptCore	independent_cold	fibonacci	1	100	2	377565833	19641700
JavaScriptCore	independent_cold	fibonacci	1	100	3	377962250	19641700
JavaScriptCore	independent_cold	fibonacci	1	100	4	377455292	19641700
JavaScriptCore	independent_cold	fibonacci	1	100	5	376985416	19641700
JavaScriptCore	independent_cold	fibonacci	1	100	6	377407250	19641700
zig-js	independent_cold	fibonacci	1	100	0	87991458	19641700
zig-js	independent_cold	fibonacci	1	100	1	75715459	19641700
zig-js	independent_cold	fibonacci	1	100	2	70953000	19641700
zig-js	independent_cold	fibonacci	1	100	3	70023167	19641700
zig-js	independent_cold	fibonacci	1	100	4	69915583	19641700
zig-js	independent_cold	fibonacci	1	100	5	69893041	19641700
zig-js	independent_cold	fibonacci	1	100	6	70038208	19641700
zig-js	shared	fibonacci	1	100	0	212440542	19641700
zig-js	shared	fibonacci	1	100	1	238144250	19641700
zig-js	shared	fibonacci	1	100	2	198926208	19641700
zig-js	shared	fibonacci	1	100	3	198692875	19641700
zig-js	shared	fibonacci	1	100	4	199181375	19641700
zig-js	shared	fibonacci	1	100	5	198913625	19641700
zig-js	shared	fibonacci	1	100	6	200308583	19641700
zig-js	independent_steady	fibonacci	2	100	0	71990708	39283401
zig-js	independent_steady	fibonacci	2	100	1	72073958	39283401
zig-js	independent_steady	fibonacci	2	100	2	70415458	39283401
zig-js	independent_steady	fibonacci	2	100	3	70446667	39283401
zig-js	independent_steady	fibonacci	2	100	4	71085000	39283401
zig-js	independent_steady	fibonacci	2	100	5	70873584	39283401
zig-js	independent_steady	fibonacci	2	100	6	70421583	39283401
JavaScriptCore	independent_steady	fibonacci	2	100	0	383402375	39283401
JavaScriptCore	independent_steady	fibonacci	2	100	1	382050791	39283401
JavaScriptCore	independent_steady	fibonacci	2	100	2	400097083	39283401
JavaScriptCore	independent_steady	fibonacci	2	100	3	394200708	39283401
JavaScriptCore	independent_steady	fibonacci	2	100	4	403703500	39283401
JavaScriptCore	independent_steady	fibonacci	2	100	5	400733541	39283401
JavaScriptCore	independent_steady	fibonacci	2	100	6	411715875	39283401
JavaScriptCore	independent_cold	fibonacci	2	100	0	466727666	39283401
JavaScriptCore	independent_cold	fibonacci	2	100	1	391545083	39283401
JavaScriptCore	independent_cold	fibonacci	2	100	2	439230500	39283401
JavaScriptCore	independent_cold	fibonacci	2	100	3	416976250	39283401
JavaScriptCore	independent_cold	fibonacci	2	100	4	381130250	39283401
JavaScriptCore	independent_cold	fibonacci	2	100	5	380157000	39283401
JavaScriptCore	independent_cold	fibonacci	2	100	6	379146542	39283401
zig-js	independent_cold	fibonacci	2	100	0	71410125	39283401
zig-js	independent_cold	fibonacci	2	100	1	72826125	39283401
zig-js	independent_cold	fibonacci	2	100	2	70879250	39283401
zig-js	independent_cold	fibonacci	2	100	3	70626667	39283401
zig-js	independent_cold	fibonacci	2	100	4	70618834	39283401
zig-js	independent_cold	fibonacci	2	100	5	70619000	39283401
zig-js	independent_cold	fibonacci	2	100	6	70555500	39283401
zig-js	shared	fibonacci	2	100	0	201570458	39283401
zig-js	shared	fibonacci	2	100	1	200250250	39283401
zig-js	shared	fibonacci	2	100	2	233526083	39283401
zig-js	shared	fibonacci	2	100	3	209688250	39283401
zig-js	shared	fibonacci	2	100	4	200506583	39283401
zig-js	shared	fibonacci	2	100	5	199482250	39283401
zig-js	shared	fibonacci	2	100	6	199364834	39283401
zig-js	independent_steady	fibonacci	4	100	0	78254959	78566806
zig-js	independent_steady	fibonacci	4	100	1	76123875	78566806
zig-js	independent_steady	fibonacci	4	100	2	72418375	78566806
zig-js	independent_steady	fibonacci	4	100	3	73916042	78566806
zig-js	independent_steady	fibonacci	4	100	4	72685792	78566806
zig-js	independent_steady	fibonacci	4	100	5	72120542	78566806
zig-js	independent_steady	fibonacci	4	100	6	71985375	78566806
JavaScriptCore	independent_steady	fibonacci	4	100	0	398216000	78566806
JavaScriptCore	independent_steady	fibonacci	4	100	1	408421708	78566806
JavaScriptCore	independent_steady	fibonacci	4	100	2	404880875	78566806
JavaScriptCore	independent_steady	fibonacci	4	100	3	456543333	78566806
JavaScriptCore	independent_steady	fibonacci	4	100	4	429794208	78566806
JavaScriptCore	independent_steady	fibonacci	4	100	5	408880833	78566806
JavaScriptCore	independent_steady	fibonacci	4	100	6	403713583	78566806
JavaScriptCore	independent_cold	fibonacci	4	100	0	442524375	78566806
JavaScriptCore	independent_cold	fibonacci	4	100	1	399225917	78566806
JavaScriptCore	independent_cold	fibonacci	4	100	2	399961167	78566806
JavaScriptCore	independent_cold	fibonacci	4	100	3	418895208	78566806
JavaScriptCore	independent_cold	fibonacci	4	100	4	399457542	78566806
JavaScriptCore	independent_cold	fibonacci	4	100	5	460729500	78566806
JavaScriptCore	independent_cold	fibonacci	4	100	6	392267666	78566806
zig-js	independent_cold	fibonacci	4	100	0	109981250	78566806
zig-js	independent_cold	fibonacci	4	100	1	115756958	78566806
zig-js	independent_cold	fibonacci	4	100	2	88234500	78566806
zig-js	independent_cold	fibonacci	4	100	3	86042042	78566806
zig-js	independent_cold	fibonacci	4	100	4	87847625	78566806
zig-js	independent_cold	fibonacci	4	100	5	86354958	78566806
zig-js	independent_cold	fibonacci	4	100	6	82830584	78566806
zig-js	shared	fibonacci	4	100	0	228426167	78566806
zig-js	shared	fibonacci	4	100	1	211997792	78566806
zig-js	shared	fibonacci	4	100	2	219881292	78566806
zig-js	shared	fibonacci	4	100	3	247875458	78566806
zig-js	shared	fibonacci	4	100	4	243236042	78566806
zig-js	shared	fibonacci	4	100	5	229661750	78566806
zig-js	shared	fibonacci	4	100	6	249926042	78566806
zig-js	independent_steady	fibonacci	8	100	0	122614250	157133628
zig-js	independent_steady	fibonacci	8	100	1	116248666	157133628
zig-js	independent_steady	fibonacci	8	100	2	106862458	157133628
zig-js	independent_steady	fibonacci	8	100	3	113927750	157133628
zig-js	independent_steady	fibonacci	8	100	4	106902583	157133628
zig-js	independent_steady	fibonacci	8	100	5	103502916	157133628
zig-js	independent_steady	fibonacci	8	100	6	104018750	157133628
JavaScriptCore	independent_steady	fibonacci	8	100	0	601253292	157133628
JavaScriptCore	independent_steady	fibonacci	8	100	1	652538292	157133628
JavaScriptCore	independent_steady	fibonacci	8	100	2	573010959	157133628
JavaScriptCore	independent_steady	fibonacci	8	100	3	597808375	157133628
JavaScriptCore	independent_steady	fibonacci	8	100	4	588717542	157133628
JavaScriptCore	independent_steady	fibonacci	8	100	5	641296875	157133628
JavaScriptCore	independent_steady	fibonacci	8	100	6	628542625	157133628
JavaScriptCore	independent_cold	fibonacci	8	100	0	645329583	157133628
JavaScriptCore	independent_cold	fibonacci	8	100	1	586202125	157133628
JavaScriptCore	independent_cold	fibonacci	8	100	2	680833125	157133628
JavaScriptCore	independent_cold	fibonacci	8	100	3	631246625	157133628
JavaScriptCore	independent_cold	fibonacci	8	100	4	599101041	157133628
JavaScriptCore	independent_cold	fibonacci	8	100	5	654081875	157133628
JavaScriptCore	independent_cold	fibonacci	8	100	6	583753167	157133628
zig-js	independent_cold	fibonacci	8	100	0	117396917	157133628
zig-js	independent_cold	fibonacci	8	100	1	108500625	157133628
zig-js	independent_cold	fibonacci	8	100	2	101000750	157133628
zig-js	independent_cold	fibonacci	8	100	3	105935083	157133628
zig-js	independent_cold	fibonacci	8	100	4	112504542	157133628
zig-js	independent_cold	fibonacci	8	100	5	106917209	157133628
zig-js	independent_cold	fibonacci	8	100	6	102007334	157133628
zig-js	shared	fibonacci	8	100	0	344219000	157133628
zig-js	shared	fibonacci	8	100	1	333535958	157133628
zig-js	shared	fibonacci	8	100	2	316340750	157133628
zig-js	shared	fibonacci	8	100	3	319265917	157133628
zig-js	shared	fibonacci	8	100	4	307924875	157133628
zig-js	shared	fibonacci	8	100	5	321541583	157133628
zig-js	shared	fibonacci	8	100	6	312706250	157133628
